<?xml version="1.0" encoding="UTF-8"?>
<project-private xmlns="http://www.netbeans.org/ns/project-private/1">
    <editor-bookmarks xmlns="http://www.netbeans.org/ns/editor-bookmarks/2" lastBookmarkId="0"/>
    <open-files xmlns="http://www.netbeans.org/ns/projectui-open-files/2">
        <group>
            <file>file:/C:/Users/Hp/Desktop/OODJJAVAASSIGNMENT/src/oodjassignment/AdminVaccineCenterPage.java</file>
            <file>file:/C:/Users/Hp/Desktop/OODJJAVAASSIGNMENT/src/oodjassignment/Booking.java</file>
            <file>file:/C:/Users/Hp/Desktop/OODJJAVAASSIGNMENT/Branches.txt</file>
            <file>file:/C:/Users/Hp/Desktop/OODJJAVAASSIGNMENT/src/oodjassignment/AModifyBookingTracking.java</file>
            <file>file:/C:/Users/Hp/Desktop/OODJJAVAASSIGNMENT/src/oodjassignment/AdminBookingModifyPage.java</file>
            <file>file:/C:/Users/Hp/Desktop/OODJJAVAASSIGNMENT/src/oodjassignment/AdminBookingMainPage.java</file>
            <file>file:/C:/Users/Hp/Desktop/OODJJAVAASSIGNMENT/src/oodjassignment/Validation.java</file>
            <file>file:/C:/Users/Hp/Desktop/OODJJAVAASSIGNMENT/src/oodjassignment/AdminModifyTrackingPage.java</file>
            <file>file:/C:/Users/Hp/Desktop/OODJJAVAASSIGNMENT/src/oodjassignment/UserBookingViewPage.java</file>
            <file>file:/C:/Users/Hp/Desktop/OODJJAVAASSIGNMENT/src/oodjassignment/UserBookingMainPage.java</file>
            <file>file:/C:/Users/Hp/Desktop/OODJJAVAASSIGNMENT/src/oodjassignment/VCenter.java</file>
            <file>file:/C:/Users/Hp/Desktop/OODJJAVAASSIGNMENT/src/oodjassignment/AdminBookingViewPage.java</file>
            <file>file:/C:/Users/Hp/Desktop/OODJJAVAASSIGNMENT/src/oodjassignment/UserMainPage.java</file>
            <file>file:/C:/Users/Hp/Desktop/OODJJAVAASSIGNMENT/src/oodjassignment/AdminBookingApprovePage.java</file>
            <file>file:/C:/Users/Hp/Desktop/OODJJAVAASSIGNMENT/src/oodjassignment/UserBookingRegisterPage.java</file>
            <file>file:/C:/Users/Hp/Desktop/OODJJAVAASSIGNMENT/src/oodjassignment/AdminMainPage.java</file>
        </group>
    </open-files>
</project-private>
